<?xml version="1.0" encoding="UTF-8"?>
<root>
  <item name="com.lib.ext.widget.calendar.manager.CalendarUnit int getType()">
    <annotation name="android.support.annotation.IntDef">
      <val name="value" val="{com.lib.ext.widget.calendar.manager.CalendarUnit.TYPE_WEEK, com.lib.ext.widget.calendar.manager.CalendarUnit.TYPE_MONTH}" />
    </annotation>
  </item>
  <item name="com.lib.ext.widget.calendar.manager.DefaultFormatter java.lang.String getHeaderText(int, org.joda.time.LocalDate, org.joda.time.LocalDate) 0">
    <annotation name="android.support.annotation.IntDef">
      <val name="value" val="{com.lib.ext.widget.calendar.manager.CalendarUnit.TYPE_WEEK, com.lib.ext.widget.calendar.manager.CalendarUnit.TYPE_MONTH}" />
    </annotation>
  </item>
</root>

