<?xml version="1.0" encoding="UTF-8"?>
<root>
  <item name="com.lib.base.utils.AppUtil void setShortcutIcon(int) 0">
    <annotation name="android.support.annotation.DrawableRes" />
  </item>
  <item name="com.lib.base.utils.ViewUtil T getView(android.app.Activity, int) 1">
    <annotation name="android.support.annotation.IdRes" />
  </item>
  <item name="com.lib.base.utils.ViewUtil T getView(android.support.v4.app.Fragment, int) 1">
    <annotation name="android.support.annotation.IdRes" />
  </item>
  <item name="com.lib.base.utils.ViewUtil T getView(android.view.View, int) 1">
    <annotation name="android.support.annotation.IdRes" />
  </item>
  <item name="com.lib.base.utils.ViewUtil void setDrawable(android.widget.TextView, int, com.lib.base.utils.ViewUtil.Direction) 1">
    <annotation name="android.support.annotation.DrawableRes" />
  </item>
</root>

